Radio 1,http://icecast.vrtcdn.be/radio1-high.mp3
Radio 1 Classics,http://icecast.vrtcdn.be/radio1_classics_high.mp3
Radio 1 Lage Landen Lijst,http://icecast.vrtcdn.be/radio1_lagelanden-high.mp3
Radio 2 Limburg,http://icecast.vrtcdn.be/ra2lim-high.mp3
Radio 2 Bene Bene,http://icecast.vrtcdn.be/radio2_benebene-high.mp3
Radio 2 Unwind,http://icecast.vrtcdn.be/radio2_unwind-high.mp3
Klara,http://icecast.vrtcdn.be/klara-high.mp3
Klara Continuo,http://icecast.vrtcdn.be/klaracontinuo-high.mp3
Studio Brussel,http://icecast.vrtcdn.be/stubru-high.mp3
Studio Brussel - De Tijdloze,http://icecast.vrtcdn.be/stubru_tijdloze-high.mp3
Studio Brussel - The Greatest Switch,http://icecast.vrtcdn.be/stubru_tgs-high.mp3
Studio Brussel Vuurland,http://icecast.vrtcdn.be/stubru_tgs-high.mp3
MNM,http://icecast.vrtcdn.be/mnm-high.mp3
MNM 90's & 00's,http://icecast.vrtcdn.be/mnm_90s00s-high.mp3
MNM Hits,http://icecast.vrtcdn.be/mnm_hits-high.mp3
MNM UrbaNice,http://icecast.vrtcdn.be/mnm_urb-high.mp3
VRT Ketnet Hits,http://progressive-audio.lwc.vrtcdn.be/content/fixed/11_11niws-snip_hi.mp3
Joe all the way,http://playerservices.streamtheworld.com/api/livestream-redirect/JOE.mp3
Joe 60's & 70's,http://playerservices.streamtheworld.com/api/livestream-redirect/JOE_70S.mp3
Joe 80's & 90's,http://playerservices.streamtheworld.com/api/livestream-redirect/JOE_80S.mp3
Joe Easy,http://playerservices.streamtheworld.com/api/livestream-redirect/JOE_EASY.mp3
Joe Top 2000,http://playerservices.streamtheworld.com/api/livestream-redirect/JOE_TOP2000.mp3
Joe Lage Landen,http://playerservices.streamtheworld.com/api/livestream-redirect/JOE_LAGE_LANDEN.mp3
Qmusic,http://playerservices.streamtheworld.com/api/livestream-redirect/QMUSIC.mp3
Q Top 40,http://playerservices.streamtheworld.com/api/livestream-redirect/QHOTNOW.mp3
Q Top 1000,http://playerservices.streamtheworld.com/api/livestream-redirect/Q_TOP_1000.mp3
Q 80's,http://playerservices.streamtheworld.com/api/livestream-redirect/Q80S.mp3
Q 90's,http://playerservices.streamtheworld.com/api/livestream-redirect/Q90S.mp3
Q 00's,http://playerservices.streamtheworld.com/api/livestream-redirect/Q00S.mp3
Q 10's,http://playerservices.streamtheworld.com/api/livestream-redirect/Q10S.mp3
Q Foute Radio,http://playerservices.streamtheworld.com/api/livestream-redirect/QFOUTERADIO.mp3
Q NonStop,http://playerservices.streamtheworld.com/api/livestream-redirect/QMAXIMUMHITS.mp3
Radio 10,http://playerservices.streamtheworld.com/api/livestream-redirect/RADIO10.mp3
Radio 10  60's & 70's Hits,http://playerservices.streamtheworld.com/api/livestream-redirect/TLPSTR18.mp3
Radio 10  80's Hits,http://playerservices.streamtheworld.com/api/livestream-redirect/TLPSTR20.mp3
Radio 10  90's Hits,http://playerservices.streamtheworld.com/api/livestream-redirect/TLPSTR22.mp3
Radio 10  Love Songs,http://playerservices.streamtheworld.com/api/livestream-redirect/TLPSTR04.mp3
Radio 10  Disco Classics,http://playerservices.streamtheworld.com/api/livestream-redirect/TLPSTR23.mp3
Radio 10  Non-Stop,http://playerservices.streamtheworld.com/api/livestream-redirect/TLPSTR15.mp3
Radio 10  Top 4000,http://playerservices.streamtheworld.com/api/livestream-redirect/TLPSTR24.mp3
Radio Veronica,http://playerservices.streamtheworld.com/api/livestream-redirect/VERONICA.mp3
Veronica Non-Stop,http://playerservices.streamtheworld.com/api/livestream-redirect/SRGSTR09.mp3
Veronica Rock Radio,http://playerservices.streamtheworld.com/api/livestream-redirect/SRGSTR11.mp3
Veronica Top 1000 Allertijden,http://playerservices.streamtheworld.com/api/livestream-redirect/SRGSTR10.mp3
538,http://playerservices.streamtheworld.com/api/livestream-redirect/RADIO538.mp3
538 NonStop,http://playerservices.streamtheworld.com/api/livestream-redirect/TLPSTR09.mp3
Sky Radio 101 FM,http://playerservices.streamtheworld.com/api/livestream-redirect/SKYRADIO.mp3
Sky Radio Hits,http://playerservices.streamtheworld.com/api/livestream-redirect/SRGSTR01.mp3
Sky Radio Love Songs,http://playerservices.streamtheworld.com/api/livestream-redirect/SRGSTR03.mp3
Sky Radio Non-Stop@Work,http://playerservices.streamtheworld.com/api/livestream-redirect/SRGSTR24.mp3
Sky Radio 80's Hits,http://playerservices.streamtheworld.com/api/livestream-redirect/SRGSTR04.mp3
Sky Radio 90's Hits,http://playerservices.streamtheworld.com/api/livestream-redirect/SRGSTR05.mp3
Sky Radio Smooth Hits,http://playerservices.streamtheworld.com/api/livestream-redirect/SRGSTR15.mp3
Arrow Rock Radio,http://stream.arrowrockradio.com/arrowrockradio
Arrow Classic Rock,http://stream.player.arrow.nl/arrow
Candlelight Radio,http://playerservices.streamtheworld.com/api/livestream-redirect/CANDLELIGHT.mp3
Los 40,http://playerservices.streamtheworld.com/api/livestream-redirect/LOS40.mp3
